<?xml version="1.0" encoding="utf-8"?>
<modification>
	<name>Exchange1C Module for OpenCart 3 (not official) </name>
	<version>1.6.4.8 (not official)</version>
	<id>OpenCart Exchange1C</id> 
	<author>Tseka85</author>
	<link>https://github.com/Tseka85/opencart3-exchange1c</link>
	<code>exchange1c</code>
	<file path="admin/controller/common/column_left.php">
		<operation error="skip">			
			<search position="before"><![CDATA[if ($this->user->hasPermission('access', 'marketplace/event')) {]]></search>
                        <add position="before"><![CDATA[
                        $this->load->model('setting/extension');
                        if ($this->user->hasPermission('access', 'extension/module/exchange1c') && in_array('exchange1c', $this->model_setting_extension->getInstalled('module'))) {
				$marketplace[] = array(
				     'name'	   => 'Exchange 1C v8.x',
				     'href'     => $this->url->link('extension/module/exchange1c', 'user_token=' . $this->session->data['user_token'], true),
				     'children' => array()		
				);
			}
]]></add>
		</operation>
	</file>

	<file path="admin/model/sale/order.php">
		<operation error="skip">
			<search><![CDATA['lastname'                => $order_query->row['lastname'],]]></search>
			<add position="after"><![CDATA[				'middlename'              => $order_query->row['middlename'],]]></add>
		</operation>
	</file>

	<file path="admin/controller/sale/order.php">
		<operation error="skip">
			<search><![CDATA[$data['lastname'] = $order_info['lastname'];]]></search>
			<add position="after"><![CDATA[			$data['middlename'] = $order_info['middlename'];]]></add>
		</operation>
	</file>

	<file path="admin/view/template/sale/order_info.twig">
		<operation error="skip">
			<search><![CDATA[{{ firstname }} {{ lastname }}]]></search>
			<add position="replace"><![CDATA[{{ firstname }} {{ lastname }}  {{ middlename }}]]></add>
		</operation>
	</file>

</modification>
